{
  "@class" : "org.nd4j.evaluation.classification.ROCMultiClass",
  "thresholdSteps" : 0,
  "rocRemoveRedundantPts" : true,
  "underlying" : [ {
    "@class" : "org.nd4j.evaluation.classification.ROC",
    "thresholdSteps" : 0,
    "countActualPositive" : 26,
    "countActualNegative" : 124,
    "counts" : { },
    "auc" : 1.0,
    "auprc" : 1.0,
    "rocCurve" : {
      "@class" : "org.nd4j.evaluation.curves.RocCurve",
      "threshold" : [ 1.0, 0.38422584533691406, 0.0 ],
      "fpr" : [ 0.0, 0.0, 1.0 ],
      "tpr" : [ 0.0, 1.0, 1.0 ],
      "auc" : 1.0
    },
    "prCurve" : {
      "@class" : "org.nd4j.evaluation.curves.PrecisionRecallCurve",
      "threshold" : [ 0.0, 0.38422584533691406, 0.38808172941207886, 0.3895934224128723, 0.38982442021369934, 0.39150673151016235, 0.3919973075389862, 0.39396339654922485, 0.3941102623939514, 0.39412179589271545, 0.39462482929229736, 0.3971915543079376, 0.3972429037094116, 0.39809268712997437, 1.0 ],
      "precision" : [ 0.17333333333333334, 1.0, 1.0, 1.0000000000000002, 1.0, 0.9999999999999998, 1.0, 1.0, 1.0000000000000002, 1.0000000000000002, 1.0, 1.0, 1.0000000000000002, 1.0, 1.0 ],
      "recall" : [ 1.0, 1.0, 0.8846153846153846, 0.8461538461538461, 0.8076923076923077, 0.7692307692307693, 0.7307692307692307, 0.6923076923076923, 0.6538461538461539, 0.6153846153846154, 0.5769230769230769, 0.38461538461538464, 0.34615384615384615, 0.3076923076923077, 0.0 ],
      "tpCount" : [ 26, 26, 23, 22, 21, 20, 19, 18, 17, 16, 15, 10, 9, 8, 0 ],
      "fpCount" : [ 124, 0, 0, 0, 0, 0, 0, 0, 0, 0, 0, 0, 0, 0, 0 ],
      "fnCount" : [ 0, 0, 3, 4, 5, 6, 7, 8, 9, 10, 11, 16, 17, 18, 26 ],
      "totalCount" : 150,
      "area" : 1.0
    },
    "isExact" : true,
    "exampleCount" : 150,
    "rocRemoveRedundantPts" : true
  }, {
    "@class" : "org.nd4j.evaluation.classification.ROC",
    "thresholdSteps" : 0,
    "countActualPositive" : 29,
    "countActualNegative" : 121,
    "counts" : { },
    "auc" : 0.994585351952123,
    "auprc" : 0.9790598327745405,
    "rocCurve" : {
      "@class" : "org.nd4j.evaluation.curves.RocCurve",
      "threshold" : [ 1.0, 0.2008458822965622, 0.19932802021503448, 0.1982806921005249, 0.1975913643836975, 0.19730952382087708, 0.1972610503435135, 0.1962103545665741, 0.19602927565574646, 0.1943078339099884, 0.0 ],
      "fpr" : [ 0.0, 0.0, 0.01652892561983471, 0.01652892561983471, 0.03305785123966942, 0.03305785123966942, 0.04132231404958678, 0.04132231404958678, 0.049586776859504134, 0.049586776859504134, 1.0 ],
      "tpr" : [ 0.0, 0.8275862068965517, 0.8275862068965517, 0.896551724137931, 0.896551724137931, 0.9310344827586207, 0.9310344827586207, 0.9655172413793104, 0.9655172413793104, 1.0, 1.0 ],
      "auc" : 0.994585351952123
    },
    "prCurve" : {
      "@class" : "org.nd4j.evaluation.curves.PrecisionRecallCurve",
      "threshold" : [ 0.0, 0.1943078339099884, 0.19602927565574646, 0.1962103545665741, 0.1972610503435135, 0.19730952382087708, 0.1975913643836975, 0.1982806921005249, 0.19904130697250366, 0.19932802021503448, 0.2008458822965622, 0.20142781734466553, 0.20172631740570068, 0.201886385679245, 0.2026146650314331, 0.20272329449653625, 0.20414024591445923, 0.20457325875759125, 0.20476365089416504, 0.20501847565174103, 0.20838752388954163, 0.20988111197948456, 0.2103690505027771, 1.0 ],
      "precision" : [ 0.19333333333333333, 0.8285714285714286, 0.8235294117647058, 0.8484848484848486, 0.84375, 0.870967741935484, 0.8666666666666667, 0.9285714285714287, 0.9259259259259259, 0.9230769230769231, 1.0, 1.0, 1.0000000000000002, 1.0, 0.9999999999999998, 1.0, 1.0, 1.0000000000000002, 1.0000000000000002, 1.0, 1.0, 1.0000000000000002, 1.0, 1.0 ],
      "recall" : [ 1.0, 1.0, 0.9655172413793104, 0.9655172413793104, 0.9310344827586207, 0.9310344827586207, 0.896551724137931, 0.896551724137931, 0.8620689655172413, 0.8275862068965517, 0.8275862068965517, 0.7931034482758621, 0.7586206896551724, 0.7241379310344828, 0.6896551724137931, 0.6551724137931034, 0.6206896551724138, 0.5862068965517241, 0.5517241379310345, 0.5172413793103449, 0.3448275862068966, 0.3103448275862069, 0.27586206896551724, 0.0 ],
      "tpCount" : [ 29, 29, 28, 28, 27, 27, 26, 26, 25, 24, 24, 23, 22, 21, 20, 19, 18, 17, 16, 15, 10, 9, 8, 0 ],
      "fpCount" : [ 121, 6, 6, 5, 5, 4, 4, 2, 2, 2, 0, 0, 0, 0, 0, 0, 0, 0, 0, 0, 0, 0, 0, 0 ],
      "fnCount" : [ 0, 0, 1, 1, 2, 2, 3, 3, 4, 5, 5, 6, 7, 8, 9, 10, 11, 12, 13, 14, 19, 20, 21, 29 ],
      "totalCount" : 150,
      "area" : 0.9790598327745405
    },
    "isExact" : true,
    "exampleCount" : 150,
    "rocRemoveRedundantPts" : true
  }, {
    "@class" : "org.nd4j.evaluation.classification.ROC",
    "thresholdSteps" : 0,
    "countActualPositive" : 22,
    "countActualNegative" : 128,
    "counts" : { },
    "auc" : 0.9914772727272727,
    "auprc" : 0.9532427757098815,
    "rocCurve" : {
      "@class" : "org.nd4j.evaluation.curves.RocCurve",
      "threshold" : [ 1.0, 0.43477746844291687, 0.42137330770492554, 0.40441620349884033, 0.39925554394721985, 0.3891787827014923, 0.38312530517578125, 0.3390501141548157, 0.30987581610679626, 0.3065033257007599, 0.0 ],
      "fpr" : [ 0.0, 0.0, 0.0078125, 0.0078125, 0.015625, 0.015625, 0.03125, 0.03125, 0.0546875, 0.0546875, 1.0 ],
      "tpr" : [ 0.0, 0.6818181818181818, 0.6818181818181818, 0.7272727272727273, 0.7272727272727273, 0.8181818181818182, 0.8181818181818182, 0.9545454545454546, 0.9545454545454546, 1.0, 1.0 ],
      "auc" : 0.9914772727272727
    },
    "prCurve" : {
      "@class" : "org.nd4j.evaluation.curves.PrecisionRecallCurve",
      "threshold" : [ 0.0, 0.3065033257007599, 0.30987581610679626, 0.3390501141548157, 0.37359899282455444, 0.3741529881954193, 0.38312530517578125, 0.3891787827014923, 0.39300426840782166, 0.39925554394721985, 0.40441620349884033, 0.42137330770492554, 0.43477746844291687, 0.47327861189842224, 0.4776650369167328, 0.4912889301776886, 1.0 ],
      "precision" : [ 0.14666666666666667, 0.7586206896551724, 0.7500000000000001, 0.84, 0.8333333333333334, 0.8260869565217391, 0.8181818181818183, 0.8999999999999998, 0.8947368421052632, 0.8888888888888888, 0.9411764705882355, 0.9375000000000001, 1.0, 1.0, 1.0000000000000002, 1.0, 1.0 ],
      "recall" : [ 1.0, 1.0, 0.9545454545454546, 0.9545454545454546, 0.9090909090909091, 0.8636363636363636, 0.8181818181818182, 0.8181818181818182, 0.7727272727272727, 0.7272727272727273, 0.7272727272727273, 0.6818181818181818, 0.6818181818181818, 0.45454545454545453, 0.4090909090909091, 0.36363636363636365, 0.0 ],
      "tpCount" : [ 22, 22, 21, 21, 20, 19, 18, 18, 17, 16, 16, 15, 15, 10, 9, 8, 0 ],
      "fpCount" : [ 128, 7, 7, 4, 4, 4, 4, 2, 2, 2, 1, 1, 0, 0, 0, 0, 0 ],
      "fnCount" : [ 0, 0, 1, 1, 2, 3, 4, 4, 5, 6, 6, 7, 7, 12, 13, 14, 22 ],
      "totalCount" : 150,
      "area" : 0.9532427757098815
    },
    "isExact" : true,
    "exampleCount" : 150,
    "rocRemoveRedundantPts" : true
  }, {
    "@class" : "org.nd4j.evaluation.classification.ROC",
    "thresholdSteps" : 0,
    "countActualPositive" : 21,
    "countActualNegative" : 129,
    "counts" : { },
    "auc" : 0.9889258028792912,
    "auprc" : 0.9356239752602302,
    "rocCurve" : {
      "@class" : "org.nd4j.evaluation.curves.RocCurve",
      "threshold" : [ 1.0, 0.6367670297622681, 0.6336889266967773, 0.6176910996437073, 0.5971612334251404, 0.5833082795143127, 0.5775355100631714, 0.5554095506668091, 0.5480378866195679, 0.5424745082855225, 0.0 ],
      "fpr" : [ 0.0, 0.0, 0.023255813953488372, 0.023255813953488372, 0.031007751937984496, 0.031007751937984496, 0.03875968992248062, 0.03875968992248062, 0.05426356589147287, 0.05426356589147287, 1.0 ],
      "tpr" : [ 0.0, 0.6666666666666666, 0.6666666666666666, 0.7619047619047619, 0.7619047619047619, 0.9047619047619048, 0.9047619047619048, 0.9523809523809523, 0.9523809523809523, 1.0, 1.0 ],
      "auc" : 0.9889258028792912
    },
    "prCurve" : {
      "@class" : "org.nd4j.evaluation.curves.PrecisionRecallCurve",