{
  "@class" : "org.nd4j.evaluation.classification.ROCMultiClass",
  "thresholdSteps" : 0,
  "rocRemoveRedundantPts" : true,
  "underlying" : [ {
    "@class" : "org.nd4j.evaluation.classification.ROC",
    "thresholdSteps" : 0,
    "countActualPositive" : 26,
    "countActualNegative" : 124,
    "counts" : { },
    "auc" : 1.0,
    "auprc" : 1.0,
    "rocCurve" : {
      "@class" : "org.nd4j.evaluation.curves.RocCurve",
      "threshold" : [ 1.0, 0.8484619855880737, 0.0 ],
      "fpr" : [ 0.0, 0.0, 1.0 ],
      "tpr" : [ 0.0, 1.0, 1.0 ],
      "auc" : 1.0
    },
    "prCurve" : {
      "@class" : "org.nd4j.evaluation.curves.PrecisionRecallCurve",
      "threshold" : [ 0.0, 0.8484619855880737, 0.8642829656600952, 0.8683044910430908, 0.8696659207344055, 0.8777933120727539, 0.8809014558792114, 0.884922981262207, 0.8881227374076843, 0.8891253471374512, 0.8892034888267517, 0.8945885896682739, 0.8954170346260071, 0.8955929279327393, 1.0 ],
      "precision" : [ 0.17333333333333334, 1.0, 1.0, 1.0000000000000002, 1.0, 0.9999999999999998, 1.0, 1.0, 1.0000000000000002, 1.0000000000000002, 1.0, 1.0, 1.0000000000000002, 1.0, 1.0 ],
      "recall" : [ 1.0, 1.0, 0.8846153846153846, 0.8461538461538461, 0.8076923076923077, 0.7692307692307693, 0.7307692307692307, 0.6923076923076923, 0.6538461538461539, 0.6153846153846154, 0.5769230769230769, 0.38461538461538464, 0.34615384615384615, 0.3076923076923077, 0.0 ],
      "tpCount" : [ 26, 26, 23, 22, 21, 20, 19, 18, 17, 16, 15, 10, 9, 8, 0 ],
      "fpCount" : [ 124, 0, 0, 0, 0, 0, 0, 0, 0, 0, 0, 0, 0, 0, 0 ],
      "fnCount" : [ 0, 0, 3, 4, 5, 6, 7, 8, 9, 10, 11, 16, 17, 18, 26 ],
      "totalCount" : 150,
      "area" : 1.0
    },
    "isExact" : true,
    "exampleCount" : 150,
    "rocRemoveRedundantPts" : true
  }, {
    "@class" : "org.nd4j.evaluation.classification.ROC",
    "thresholdSteps" : 0,
    "countActualPositive" : 29,
    "countActualNegative" : 121,
    "counts" : { },
    "auc" : 1.0,
    "auprc" : 1.0,
    "rocCurve" : {
      "@class" : "org.nd4j.evaluation.curves.RocCurve",
      "threshold" : [ 1.0, 0.3316437602043152, 0.0 ],
      "fpr" : [ 0.0, 0.0, 1.0 ],
      "tpr" : [ 0.0, 1.0, 1.0 ],
      "auc" : 1.0
    },
    "prCurve" : {
      "@class" : "org.nd4j.evaluation.curves.PrecisionRecallCurve",
      "threshold" : [ 0.0, 0.3316437602043152, 0.5783297419548035, 0.6826306581497192, 0.8484532237052917, 0.8922591209411621, 0.895003080368042, 0.9014987349510193, 0.9166014194488525, 0.9201141595840454, 0.9247701168060303, 0.9254705905914307, 0.9395825266838074, 0.9472132921218872, 0.9517884850502014, 0.9530336856842041, 1.0 ],
      "precision" : [ 0.19333333333333333, 1.0, 1.0000000000000002, 1.0, 1.0, 1.0000000000000002, 1.0, 0.9999999999999998, 1.0, 1.0, 1.0000000000000002, 1.0000000000000002, 1.0, 1.0, 1.0000000000000002, 1.0, 1.0 ],
      "recall" : [ 1.0, 1.0, 0.9655172413793104, 0.9310344827586207, 0.7931034482758621, 0.7586206896551724, 0.7241379310344828, 0.6896551724137931, 0.6551724137931034, 0.6206896551724138, 0.5862068965517241, 0.5517241379310345, 0.5172413793103449, 0.3448275862068966, 0.3103448275862069, 0.27586206896551724, 0.0 ],
      "tpCount" : [ 29, 29, 28, 27, 23, 22, 21, 20, 19, 18, 17, 16, 15, 10, 9, 8, 0 ],
      "fpCount" : [ 121, 0, 0, 0, 0, 0, 0, 0, 0, 0, 0, 0, 0, 0, 0, 0, 0 ],
      "fnCount" : [ 0, 0, 1, 2, 6, 7, 8, 9, 10, 11, 12, 13, 14, 19, 20, 21, 29 ],
      "totalCount" : 150,
      "area" : 1.0
    },
    "isExact" : true,
    "exampleCount" : 150,
    "rocRemoveRedundantPts" : true
  }, {
    "@class" : "org.nd4j.evaluation.classification.ROC",
    "thresholdSteps" : 0,
    "countActualPositive" : 22,
    "countActualNegative" : 128,
    "counts" : { },
    "auc" : 0.9978693181818182,
    "auprc" : 0.990079365079365,
    "rocCurve" : {
      "@class" : "org.nd4j.evaluation.curves.RocCurve",
      "threshold" : [ 1.0, 0.6935440897941589, 0.5918304324150085, 0.5716559290885925, 0.0 ],
      "fpr" : [ 0.0, 0.0, 0.046875, 0.046875, 1.0 ],
      "tpr" : [ 0.0, 0.9545454545454546, 0.9545454545454546, 1.0, 1.0 ],
      "auc" : 0.9978693181818182
    },
    "prCurve" : {
      "@class" : "org.nd4j.evaluation.curves.PrecisionRecallCurve",
      "threshold" : [ 0.0, 0.5716559290885925, 0.5918304324150085, 0.6935440897941589, 0.7138962149620056, 0.7248385548591614, 0.7371852397918701, 0.7534583210945129, 0.7623358964920044, 0.7632176280021667, 0.8183444142341614, 0.8255181908607483, 0.8276433944702148, 1.0 ],
      "precision" : [ 0.14666666666666667, 0.7857142857142858, 0.7777777777777778, 1.0, 0.9999999999999998, 1.0, 1.0, 1.0000000000000002, 1.0000000000000002, 1.0, 1.0, 1.0000000000000002, 1.0, 1.0 ],
      "recall" : [ 1.0, 1.0, 0.9545454545454546, 0.9545454545454546, 0.9090909090909091, 0.8636363636363636, 0.8181818181818182, 0.7727272727272727, 0.7272727272727273, 0.6818181818181818, 0.45454545454545453, 0.4090909090909091, 0.36363636363636365, 0.0 ],
      "tpCount" : [ 22, 22, 21, 21, 20, 19, 18, 17, 16, 15, 10, 9, 8, 0 ],
      "fpCount" : [ 128, 6, 6, 0, 0, 0, 0, 0, 0, 0, 0, 0, 0, 0 ],
      "fnCount" : [ 0, 0, 1, 1, 2, 3, 4, 5, 6, 7, 12, 13, 14, 22 ],
      "totalCount" : 150,
      "area" : 0.990079365079365
    },
    "isExact" : true,
    "exampleCount" : 150,
    "rocRemoveRedundantPts" : true
  }, {
    "@class" : "org.nd4j.evaluation.classification.ROC",
    "thresholdSteps" : 0,
    "countActualPositive" : 21,
    "countActualNegative" : 129,
    "counts" : { },
    "auc" : 0.988187523071244,
    "auprc" : 0.9305226242686102,
    "rocCurve" : {
      "@class" : "org.nd4j.evaluation.curves.RocCurve",
      "threshold" : [ 1.0, 0.4069323241710663, 0.3933590352535248, 0.37694796919822693, 0.37025710940361023, 0.3325332701206207, 0.31068456172943115, 0.26434651017189026, 0.2576802968978882, 0.24278660118579865, 0.23579677939414978, 0.200420543551445, 0.0 ],
      "fpr" : [ 0.0, 0.0, 0.007751937984496124, 0.007751937984496124, 0.023255813953488372, 0.023255813953488372, 0.031007751937984496, 0.031007751937984496, 0.03875968992248062, 0.03875968992248062, 0.046511627906976744, 0.046511627906976744, 1.0 ],
      "tpr" : [ 0.0, 0.6190476190476191, 0.6190476190476191, 0.6666666666666666, 0.6666666666666666, 0.7619047619047619, 0.7619047619047619, 0.8571428571428571, 0.8571428571428571, 0.9047619047619048, 0.9047619047619048, 1.0, 1.0 ],
      "auc" : 0.988187523071244
    },
    "prCurve" : {
      "@class" : "org.nd4j.evaluation.curves.PrecisionRecallCurve",
      "threshold" : [ 0.0, 0.200420543551445, 0.22186438739299774, 0.23579677939414978, 0.24278660118579865, 0.2576802968978882, 0.26434651017189026, 0.27083688974380493, 0.31068456172943115, 0.3325332701206207, 0.3385396897792816, 0.37025710940361023, 0.37694796919822693, 0.3933590352535248, 0.4069323241710663, 0.5005331039428711, 0.5133398771286011, 0.5169017910957336, 1.0 ],
      "precision" : [ 0.14, 0.7777777777777778, 0.7692307692307693, 0.76, 0.7916666666666666, 0.782608695652174, 0.8181818181818183, 0.8095238095238095, 0.7999999999999998, 0.8421052631578947, 0.8333333333333334, 0.8235294117647061, 0.9333333333333333, 0.9285714285714286, 1.0, 1.0, 1.0000000000000002, 1.0, 1.0 ],
      "recall" : [ 1.0, 1.0, 0.9523809523809523, 0.9047619047619048, 0.9047619047619048, 0.8571428571428571, 0.8571428571428571, 0.8095238095238095, 0.7619047619047619, 0.7619047619047619, 0.7142857142857143, 0.6666666666666666, 0.6666666666666666, 0.6190476190476191, 0.6190476190476191, 0.47619047619047616, 0.42857142857142855, 0.38095238095238093, 0.0 ],
      "tpCount" : [ 21, 21, 20, 19, 19, 18, 18, 17, 16, 16, 15, 14, 14, 13, 13, 10, 9, 8, 0 ],
      "fpCount" : [ 129, 6, 6, 6, 5, 5, 4, 4, 4, 3, 3, 3, 1, 1, 0, 0, 0, 0, 0 ],
      "fnCount" : [ 0, 0, 1, 2, 2, 3, 3, 4, 5, 5, 6, 7, 7, 8, 8, 11, 12, 13, 21 ],
      "totalCount" : 150,
      "area" : 0.9305226242686102
    },
    "isExact" : true,
    "exampleCount" : 150,
    "rocRemoveRedundantPts" : true
  }, {
    "@class" : "org.nd4j.evaluation.classification.ROC",